book_id,book_name,avg_rating
0,1984,43.371208005441694
1,Big Data,10.661227482329426
2,A Clockwork Orange,16.240649884087823
3,Calculo II,5.336424180265187
4,C Programming,27.039960405450103

